RiskItem,Big,Mid,Frame,Summary,Action
サンプル社内IT（Phase1）,端末管理（サンプル）,暗号化状況の確認,管理可能性,サンプル: 暗号化されていない端末を把握できない,サンプル: 端末の暗号化状況を月次で収集する
サンプル人事（Phase1）,入退社管理（サンプル）,アカウントの無効化,スピード,サンプル: 退職者のアカウントが無効化されずに残る,サンプル: 退職手続きにアカウントの無効化を組み込む
サンプル購買（Phase2）,委託先管理（サンプル）,委託先の評価,精度,サンプル: 委託先のセキュリティ水準を確かめないまま契約する,サンプル: 契約前に簡易チェックシートで評価する
サンプル品質（Phase2）,変更管理（サンプル）,リリース前の確認,スピード,サンプル: 確認の足りない変更が本番に反映される,サンプル: リリース前のレビューを必須にする
サンプル広報（Phase3）,情報公開（サンプル）,公開前の承認,管理可能性,サンプル: 承認前の情報が外部に公開される,サンプル: 公開前に承認者の確認を記録する
サンプル経理（Phase3）,支払管理（サンプル）,振込先の確認,精度,サンプル: 振込先の変更依頼を確かめずに処理する,サンプル: 振込先の変更は別の経路で本人に確かめる
サンプル法務（Phase4）,文書管理（サンプル）,版の管理,精度,サンプル: 古い版の文書が使われ続ける,サンプル: 文書に版と改訂日を付けて管理する
サンプル監査（Phase4）,内部監査（サンプル）,指摘の追跡,管理可能性,サンプル: 監査の指摘が是正されないまま残る,サンプル: 指摘ごとに期限と担当を決めて追跡する
サンプル業務（Phase5）,業務継続（サンプル）,復旧手順の整備,スピード,サンプル: 障害時の復旧手順が無く、再開が遅れる,サンプル: 復旧手順を文書にし、年1回訓練する
